"simplified","traditional","pinyin","meaning","korean_hanja_reading","characters"
"请","請","qǐng","부탁하다","청","[{""char"":""请"",""traditional"":""請"",""decomposition"":{""type"":""layout"",""layout"":""left-right"",""children"":[{""type"":""character"",""value"":""讠""},{""type"":""character"",""value"":""青""}]}}]"
"好","好","hǎo","좋다","호","[{""char"":""好"",""traditional"":""好"",""decomposition"":{""type"":""layout"",""layout"":""left-right"",""children"":[{""type"":""character"",""value"":""女""},{""type"":""character"",""value"":""子""}]}}]"
"你","你","nǐ","너","니","[{""char"":""你"",""traditional"":""你"",""decomposition"":{""type"":""layout"",""layout"":""left-right"",""children"":[{""type"":""character"",""value"":""亻""},{""type"":""character"",""value"":""尔""}]}}]"
"吗","嗎","ma","의문을 나타내는 어기조사","마","[{""char"":""吗"",""traditional"":""嗎"",""decomposition"":{""type"":""layout"",""layout"":""left-right"",""children"":[{""type"":""character"",""value"":""口""},{""type"":""character"",""value"":""马""}]}}]"
"清","清","qīng","맑다","청","[{""char"":""清"",""traditional"":""清"",""decomposition"":{""type"":""layout"",""layout"":""left-right"",""children"":[{""type"":""character"",""value"":""氵""},{""type"":""character"",""value"":""青""}]}}]"
"情","情","qíng","감정","정","[{""char"":""情"",""traditional"":""情"",""decomposition"":{""type"":""layout"",""layout"":""left-right"",""children"":[{""type"":""character"",""value"":""忄""},{""type"":""character"",""value"":""青""}]}}]"
"晴","晴","qíng","날이 개다","청","[{""char"":""晴"",""traditional"":""晴"",""decomposition"":{""type"":""layout"",""layout"":""left-right"",""children"":[{""type"":""character"",""value"":""日""},{""type"":""character"",""value"":""青""}]}}]"
"学校","學校","xuéxiào","학교","학교","[{""char"":""学"",""traditional"":""學"",""decomposition"":{""type"":""layout"",""layout"":""top-bottom"",""children"":[{""type"":""layout"",""layout"":""top-bottom"",""children"":[{""type"":""character"",""value"":""⺍""},{""type"":""character"",""value"":""冖""}]},{""type"":""character"",""value"":""子""}]}},{""char"":""校"",""traditional"":""校"",""decomposition"":{""type"":""layout"",""layout"":""left-right"",""children"":[{""type"":""character"",""value"":""木""},{""type"":""character"",""value"":""交""}]}}]"
"学生","學生","xuéshēng","학생","학생","[{""char"":""学"",""traditional"":""學"",""decomposition"":{""type"":""layout"",""layout"":""top-bottom"",""children"":[{""type"":""layout"",""layout"":""top-bottom"",""children"":[{""type"":""character"",""value"":""⺍""},{""type"":""character"",""value"":""冖""}]},{""type"":""character"",""value"":""子""}]}},{""char"":""生"",""traditional"":""生""}]"
"老师","老師","lǎoshī","선생님","노사","[{""char"":""老"",""traditional"":""老""},{""char"":""师"",""traditional"":""師""}]"
"明","明","míng","밝다","명","[{""char"":""明"",""traditional"":""明"",""decomposition"":{""type"":""layout"",""layout"":""left-right"",""children"":[{""type"":""character"",""value"":""日""},{""type"":""character"",""value"":""月""}]}}]"
"休","休","xiū","쉬다","휴","[{""char"":""休"",""traditional"":""休"",""decomposition"":{""type"":""layout"",""layout"":""left-right"",""children"":[{""type"":""character"",""value"":""亻""},{""type"":""character"",""value"":""木""}]}}]"
"打","打","dǎ","치다","타","[{""char"":""打"",""traditional"":""打"",""decomposition"":{""type"":""layout"",""layout"":""left-right"",""children"":[{""type"":""character"",""value"":""扌""},{""type"":""character"",""value"":""丁""}]}}]"